areacd,areanm,regioncd,ctrycd,population_2001,population_2001_pc,population_2011,population_2011_pc,population_pc_change,long_term_illness_2001,long_term_illness_2001_pc,limited_lot_2011,limited_lot_2011_pc,long_term_illness_2011,long_term_illness_2011_pc,illness_pc_change,unpaid_care_20_49_2001,unpaid_care_20_49_2001_pc,unpaid_care_20_49_2011,unpaid_care_20_49_2011_pc,unpaid_20_49_pc_change,unpaid_care_50_plus_2001,unpaid_care_50_plus_2001_pc,unpaid_care_50_plus_2011,unpaid_care_50_plus_2011_pc,unpaid_care_50_plus_pc_change,unpaid_care_20_plus_2001,unpaid_care_20_plus_2001_pc,unpaid_care_20_plus_2011,unpaid_care_20_plus_2011_pc,unpaid_care_20_plus_pc_change
E06000001,Hartlepool,E12000001,E92000001,88611,100,92028,100,4,21590,24.4,11137,12.1,21315,23.2,-1.3,1473,14.9,1555,1.7,5.6,2680,27.2,3044,3.3,13.6,4153,42.1,4599,5,10.7
E06000002,Middlesbrough,E12000001,E92000001,134855,100,138412,100,3,30081,22.3,14959,10.8,28878,20.9,-4,2062,14.1,2301,1.7,11.6,4111,28.1,4343,3.1,5.6,6173,42.2,6644,4.8,7.6
E06000003,Redcar and Cleveland,E12000001,E92000001,139132,100,135177,100,-3,32437,23.3,15482,11.5,30717,22.8,-5.3,2140,13.3,2450,1.8,14.5,4130,25.6,4580,3.4,10.9,6270,38.9,7030,5.2,12.1
E06000004,Stockton-on-Tees,E12000001,E92000001,178408,100,191610,100,7,35438,19.9,17677,9.2,36408,19,2.7,2457,12.9,2933,1.5,19.4,4648,24.5,5308,2.8,14.2,7105,37.4,8241,4.3,16
E06000005,Darlington,E12000001,E92000001,97838,100,105564,100,8,19974,20.4,9821,9.3,20723,19.6,3.7,1159,11.5,1427,1.4,23.1,2330,23.2,2758,2.6,18.4,3489,34.7,4185,4,19.9
E06000006,Halton,E12000002,E92000001,118208,100,125746,100,6,25440,21.5,14556,11.6,26865,21.4,5.6,1887,13.9,2440,1.9,29.3,3699,27.3,4569,3.6,23.5,5586,41.2,7009,5.5,25.5
E06000007,Warrington,E12000002,E92000001,191080,100,202228,100,6,34177,17.9,16940,8.4,34997,17.3,2.4,2304,11.5,2837,1.4,23.1,4110,20.6,5144,2.5,25.2,6414,32.1,7981,3.9,24.4
E06000008,Blackburn with Darwen,E12000002,E92000001,137470,100,147489,100,7,27846,20.3,15563,10.6,29841,20.3,7.2,1832,13.1,2691,1.8,46.9,3259,23.3,4296,2.9,31.8,5091,36.4,6987,4.7,37.2
E06000009,Blackpool,E12000002,E92000001,142283,100,142065,100,0,36184,25.4,19247,13.5,36331,25.5,0.4,1979,12.8,2592,1.8,31,4396,28.5,5092,3.6,15.8,6375,41.3,7684,5.4,20.5
E06000010,"Kingston upon Hull, City of",E12000003,E92000001,243589,100,256406,100,5,50318,20.7,25672,10,50391,19.6,0.1,2993,13,3622,1.4,21,6411,27.9,7412,2.9,15.6,9404,40.9,11034,4.3,17.3
E06000011,East Riding of Yorkshire,E12000003,E92000001,314113,100,334179,100,6,56888,18.1,29029,8.7,63965,19.2,12.4,3256,9.9,4418,1.3,35.7,6467,19.7,8595,2.6,32.9,9723,29.6,13013,3.9,33.8
E06000012,North East Lincolnshire,E12000003,E92000001,157979,100,159616,100,1,30019,19,14786,9.3,31120,19.5,3.7,1660,10.8,2117,1.3,27.5,3728,24.3,4762,3,27.7,5388,35.1,6879,4.3,27.7
E06000013,North Lincolnshire,E12000003,E92000001,152849,100,167446,100,10,29365,19.2,15333,9.2,32279,19.3,9.9,1816,11.4,2381,1.4,31.1,3615,22.7,4684,2.8,29.6,5431,34.1,7065,4.2,30.1
E06000014,York,E12000003,E92000001,181094,100,198051,100,9,30064,16.6,13018,6.6,30375,15.4,1,1520,8.9,1934,1,27.2,3011,17.7,3589,1.8,19.2,4531,26.6,5523,2.8,21.9
E06000015,Derby,E12000004,E92000001,221708,100,248752,100,12,42862,19.3,21984,8.8,46456,18.6,8.4,2747,11.6,3586,1.4,30.5,4886,20.6,6316,2.5,29.3,7633,32.2,9902,3.9,29.7
E06000016,Leicester,E12000004,E92000001,279921,100,329839,100,18,52500,18.8,27615,8.4,57137,17.4,8.8,3845,14.3,5533,1.7,43.9,6328,23.6,7929,2.4,25.3,10173,37.9,13462,4.1,32.3
E06000017,Rutland,E12000004,E92000001,34563,100,37369,100,8,4945,14.3,2271,6.1,5788,15.5,17,273,8.2,356,1,30.4,528,15.8,671,1.8,27.1,801,24,1027,2.8,28.2
E06000018,Nottingham,E12000004,E92000001,266988,100,305680,100,14,53687,20.1,27699,9.1,55382,18.2,3.2,3197,13.2,4314,1.4,34.9,6240,25.9,7429,2.4,19.1,9437,39.1,11743,3.8,24.4
E06000019,"Herefordshire, County of",E12000005,E92000001,174871,100,183477,100,5,31435,18,15370,8.4,34364,18.8,9.3,1741,9.9,2362,1.3,35.7,3317,18.9,4316,2.4,30.1,5058,28.8,6678,3.7,32
E06000020,Telford and Wrekin,E12000005,E92000001,158325,100,166641,100,5,28446,18,15060,9,30995,18.6,9,1891,12,2653,1.6,40.3,3830,24.4,4978,3,30,5721,36.4,7631,4.6,33.4
E06000021,Stoke-on-Trent,E12000005,E92000001,240636,100,249008,100,3,57522,23.9,29283,11.8,56501,22.7,-1.8,3691,13.7,4357,1.7,18,7062,26.3,7814,3.1,10.6,10753,40,12171,4.8,13.2
E06000022,Bath and North East Somerset,E12000009,E92000001,169040,100,176016,100,4,26787,15.8,12267,7,28295,16.1,5.6,1488,9.2,1989,1.1,33.7,2609,16.1,3200,1.8,22.7,4097,25.3,5189,2.9,26.7
E06000023,"Bristol, City of",E12000009,E92000001,380615,100,428234,100,13,67739,17.8,34570,8.1,71724,16.8,5.9,3859,10.9,5253,1.2,36.1,7842,22.2,9176,2.1,17,11701,33.1,14429,3.3,23.3
E06000024,North Somerset,E12000009,E92000001,188564,100,202566,100,7,34915,18.5,17335,8.6,38740,19.2,11,1834,9.4,2577,1.3,40.5,3516,18.1,4564,2.3,29.8,5350,27.5,7141,3.6,33.5
E06000025,South Gloucestershire,E12000009,E92000001,245641,100,262767,100,7,35696,14.5,17842,6.8,40914,15.6,14.6,2146,8.9,2976,1.1,38.7,4054,16.8,5384,2,32.8,6200,25.7,8360,3.1,34.8
E06000026,Plymouth,E12000009,E92000001,240720,100,256384,100,7,49546,20.6,25548,10,52192,20.4,5.3,3018,12.5,4057,1.6,34.4,5952,24.7,7566,3,27.1,8970,37.2,11623,4.6,29.6
E06000027,Torbay,E12000009,E92000001,129706,100,130959,100,1,29867,23,15500,11.8,31451,24,5.3,1676,12.1,2286,1.7,36.4,3582,25.8,4684,3.6,30.8,5258,37.9,6970,5.3,32.6
E06000028,Bournemouth,E12000009,E92000001,163444,100,183491,100,12,32768,20,15858,8.6,34147,18.6,4.2,1603,10.4,2260,1.2,41,3172,20.5,3785,2.1,19.3,4775,30.9,6045,3.3,26.6
E06000029,Poole,E12000009,E92000001,138288,100,147645,100,7,25535,18.5,12040,8.2,27208,18.5,6.6,1316,9.1,1846,1.3,40.3,2777,19.3,3605,2.4,29.8,4093,28.4,5451,3.7,33.2
E06000030,Swindon,E12000009,E92000001,180051,100,209156,100,16,27476,15.3,14638,7,32302,15.4,17.6,1590,10.1,2680,1.3,68.6,3182,20.2,4369,2.1,37.3,4772,30.3,7049,3.4,47.7
E06000031,Peterborough,E12000006,E92000001,156061,100,183631,100,18,26285,16.8,14053,7.7,30591,16.7,16.4,1606,10.9,2616,1.4,62.9,3173,21.6,4342,2.4,36.8,4779,32.5,6958,3.8,45.6
E06000032,Luton,E12000006,E92000001,184371,100,203201,100,10,28213,15.3,14073,6.9,30587,15,8.4,1954,12.1,2836,1.4,45.1,3332,20.7,4445,2.2,33.4,5286,32.8,7281,3.6,37.7
E06000033,Southend-on-Sea,E12000006,E92000001,160257,100,173658,100,8,30680,19.1,15275,8.8,32116,18.5,4.7,1481,9.3,2131,1.2,43.9,3229,20.2,4139,2.4,28.2,4710,29.5,6270,3.6,33.1
E06000034,Thurrock,E12000006,E92000001,143128,100,157705,100,10,23016,16.1,11401,7.2,24550,15.5,6.7,1569,11.8,2172,1.4,38.4,2905,21.8,3821,2.4,31.5,4474,33.6,5993,3.8,34
E06000035,Medway,E12000008,E92000001,249488,100,263925,100,6,38984,15.6,19733,7.5,43354,16.4,11.2,2202,10.2,3348,1.3,52,4785,22.3,6684,2.5,39.7,6987,32.5,10032,3.8,43.6
E06000036,Bracknell Forest,E12000008,E92000001,109617,100,113205,100,3,12864,11.7,5901,5.2,13897,12.3,8,676,8.2,1098,1,62.4,1372,16.6,1857,1.6,35.3,2048,24.8,2955,2.6,44.3
E06000037,West Berkshire,E12000008,E92000001,144483,100,153822,100,6,17911,12.4,8262,5.4,20278,13.2,13.2,933,7.7,1466,1,57.1,1802,14.9,2509,1.6,39.2,2735,22.6,3975,2.6,45.3
E06000038,Reading,E12000008,E92000001,143096,100,155698,100,9,19315,13.5,8815,5.7,20110,13,4.1,1073,9.8,1642,1.1,53,2061,18.8,2599,1.7,26.1,3134,28.6,4241,2.8,35.3
E06000039,Slough,E12000008,E92000001,119067,100,140205,100,18,17013,14.3,8611,6.1,18784,13.4,10.4,1267,12.4,1977,1.4,56,1996,19.6,2591,1.8,29.8,3263,32,4568,3.2,40
E06000040,Windsor and Maidenhead,E12000008,E92000001,133626,100,144560,100,8,16803,12.6,7952,5.5,18364,12.7,9.3,915,8,1432,1,56.5,1697,14.8,2199,1.5,29.6,2612,22.8,3631,2.5,39
E06000041,Wokingham,E12000008,E92000001,150229,100,154380,100,3,16426,10.9,7262,4.7,18380,11.9,11.9,898,7.3,1397,0.9,55.6,1688,13.7,2315,1.5,37.1,2586,21,3712,2.4,43.5
E06000042,Milton Keynes,E12000008,E92000001,207057,100,248821,100,20,29104,14.1,15802,6.4,34538,13.9,18.7,1873,10.8,2991,1.2,59.7,3487,20,4788,1.9,37.3,5360,30.8,7779,3.1,45.1
E06000043,Brighton and Hove,E12000008,E92000001,247817,100,273369,100,10,44925,18.1,20445,7.5,44569,16.3,-0.8,2192,10.1,2850,1,30,4154,19.1,4716,1.7,13.5,6346,29.2,7566,2.7,19.2
E06000044,Portsmouth,E12000008,E92000001,186701,100,205056,100,10,32554,17.4,15068,7.3,32859,16,0.9,1569,10.5,2239,1.1,42.7,3426,22.9,4103,2,19.8,4995,33.4,6342,3.1,27
E06000045,Southampton,E12000008,E92000001,217445,100,236882,100,9,37900,17.4,18165,7.7,38399,16.2,1.3,2081,11.5,2880,1.2,38.4,3970,21.9,4802,2,21,6051,33.4,7682,3.2,27
E06000046,Isle of Wight,E12000008,E92000001,132731,100,138265,100,4,29149,22,14274,10.3,31246,22.6,7.2,1479,10.3,2108,1.5,42.5,3276,22.8,4104,3,25.3,4755,33.1,6212,4.5,30.6
E06000047,County Durham,E12000001,E92000001,493470,100,513242,100,4,121024,24.5,62875,12.3,121286,23.7,0.2,7613,13.3,8826,1.7,15.9,14509,25.4,16893,3.3,16.4,22122,38.7,25719,5,16.3
E06000049,Cheshire East,E12000002,E92000001,351817,100,370127,100,5,58974,16.8,29206,7.9,64831,17.5,9.9,3332,9.1,4454,1.2,33.7,6051,16.5,8024,2.2,32.6,9383,25.6,12478,3.4,33
E06000050,Cheshire West and Chester,E12000002,E92000001,321971,100,329608,100,2,58277,18.1,29098,8.8,60995,18.5,4.7,3711,10.6,4723,1.4,27.3,7093,20.3,8457,2.6,19.2,10804,30.9,13180,4,22
E06000051,Shropshire,E12000005,E92000001,283173,100,306129,100,8,50793,17.9,25568,8.4,56826,18.6,11.9,3050,10.1,4046,1.3,32.7,5476,18.2,7379,2.4,34.8,8526,28.3,11425,3.7,34
E06000052,Cornwall,E12000009,E92000001,499114,100,532273,100,7,106036,21.2,53166,10,113715,21.4,7.2,6130,11,8284,1.6,35.1,13129,23.6,15856,3,20.8,19259,34.6,24140,4.6,25.3
E06000053,Isles of Scilly,E12000009,E92000001,2153,100,2203,100,2,278,12.9,108,4.9,308,14,10.8,11,6.4,20,0.9,81.8,22,12.8,35,1.6,59.1,33,19.2,55,2.5,66.7
E06000054,Wiltshire,E12000009,E92000001,432973,100,470981,100,9,65261,15.1,31408,6.7,75244,16,15.3,3405,8.5,5066,1.1,48.8,6732,16.9,9478,2,40.8,10137,25.4,14544,3.1,43.5
E06000055,Bedford,E12000006,E92000001,147911,100,157479,100,6,23054,15.6,11181,7.1,25201,16,9.3,1498,10.3,2055,1.3,37.2,2434,16.8,3191,2,31.1,3932,27.1,5246,3.3,33.4
E06000056,Central Bedfordshire,E12000006,E92000001,233661,100,254381,100,9,31489,13.5,15465,6.1,36607,14.4,16.3,1770,8.3,2702,1.1,52.7,3500,16.4,4886,1.9,39.6,5270,24.7,7588,3,44
E06000057,Northumberland,E12000001,E92000001,307190,100,316028,100,3,64154,20.9,30940,9.8,65498,20.7,2.1,3656,10.9,4553,1.4,24.5,7293,21.7,8840,2.8,21.2,10949,32.6,13393,4.2,22.3
E07000004,Aylesbury Vale,E12000008,E92000001,165748,100,174137,100,5,21081,12.7,9921,5.7,23654,13.6,12.2,1212,8.4,1787,1,47.4,2229,15.5,2939,1.7,31.9,3441,23.9,4726,2.7,37.3
E07000005,Chiltern,E12000008,E92000001,89228,100,92635,100,4,11635,13,5054,5.5,12448,13.5,7,587,6.7,859,0.9,46.3,1036,11.8,1481,1.6,43,1623,18.5,2340,2.5,44.2
E07000006,South Bucks,E12000008,E92000001,61945,100,66867,100,8,8136,13.1,3965,5.9,9300,13.9,14.3,482,8,737,1.1,52.9,824,13.7,1174,1.8,42.5,1306,21.7,1911,2.9,46.3
E07000007,Wycombe,E12000008,E92000001,162105,100,171644,100,6,20476,12.6,9339,5.4,22526,13.1,10,1336,9.1,1885,1.1,41.1,2202,15,2832,1.6,28.6,3538,24.1,4717,2.7,33.3
E07000008,Cambridge,E12000006,E92000001,108863,100,123867,100,14,14945,13.7,6798,5.5,16064,13,7.5,763,8.6,1042,0.8,36.6,1249,14,1589,1.3,27.2,2012,22.6,2631,2.1,30.8
E07000009,East Cambridgeshire,E12000006,E92000001,73214,100,83818,100,14,11110,15.2,5423,6.5,12902,15.4,16.1,575,8.2,927,1.1,61.2,1202,17.1,1637,2,36.2,1777,25.3,2564,3.1,44.3
E07000010,Fenland,E12000006,E92000001,83519,100,95262,100,14,16185,19.4,9476,9.9,20030,21,23.8,893,10.9,1496,1.6,67.5,1994,24.4,2944,3.1,47.6,2887,35.3,4440,4.7,53.8
E07000011,Huntingdonshire,E12000006,E92000001,156954,100,169508,100,8,21263,13.5,10653,6.3,25303,14.9,19,1223,8.9,1911,1.1,56.3,2518,18.3,3464,2,37.6,3741,27.2,5375,3.1,43.7
E07000012,South Cambridgeshire,E12000006,E92000001,130108,100,148755,100,14,17268,13.3,8271,5.6,20728,14,20,960,7.5,1409,0.9,46.8,1657,12.9,2444,1.6,47.5,2617,20.4,3853,2.5,47.2
E07000026,Allerdale,E12000002,E92000001,93492,100,96422,100,3,18860,20.2,9718,10.1,20027,20.8,6.2,1204,12.2,1436,1.5,19.3,2099,21.2,2706,2.8,28.9,3303,33.4,4142,4.3,25.4
E07000027,Barrow-in-Furness,E12000002,E92000001,71980,100,69087,100,-4,17872,24.8,8961,13,17023,24.7,-4.8,1215,14,1308,1.9,7.7,2144,24.7,2364,3.4,10.3,3359,38.7,3672,5.3,9.3
E07000028,Carlisle,E12000002,E92000001,100739,100,107524,100,7,19418,19.3,9919,9.2,20623,19.2,6.2,1061,10.6,1418,1.3,33.6,2034,20.3,2654,2.5,30.5,3095,30.9,4072,3.8,31.6
E07000029,Copeland,E12000002,E92000001,69318,100,70603,100,2,14115,20.4,7537,10.7,15061,21.4,6.7,947,13.1,1179,1.7,24.5,1697,23.5,2107,3,24.2,2644,36.6,3286,4.7,24.3
E07000030,Eden,E12000002,E92000001,49777,100,52564,100,6,8515,17.1,4098,7.8,9468,18,11.2,450,9.3,620,1.2,37.8,830,17.2,1134,2.2,36.6,1280,26.5,1754,3.4,37
E07000031,South Lakeland,E12000002,E92000001,102301,100,103658,100,1,18926,18.5,8290,8,19519,18.8,3.1,999,9,1304,1.3,30.5,1823,16.5,2338,2.3,28.3,2822,25.5,3642,3.6,29.1
E07000032,Amber Valley,E12000004,E92000001,116471,100,122309,100,5,22959,19.7,11554,9.4,24809,20.2,8.1,1524,11.1,1785,1.5,17.1,2697,19.6,3312,2.7,22.8,4221,30.7,5097,4.2,20.8
E07000033,Bolsover,E12000004,E92000001,71766,100,75866,100,6,18520,25.8,9886,13,18707,24.6,1,1193,13.1,1490,2,24.9,2484,27.3,2690,3.5,8.3,3677,40.4,4180,5.5,13.7
E07000034,Chesterfield,E12000004,E92000001,98845,100,103788,100,5,22854,23.1,11948,11.5,23933,23,4.7,1350,11.1,1792,1.7,32.7,2701,22.3,3358,3.2,24.3,4051,33.4,5150,4.9,27.1
E07000035,Derbyshire Dales,E12000004,E92000001,69469,100,71116,100,2,12445,17.9,5578,7.8,13186,18.5,6,709,8.7,889,1.3,25.4,1229,15.1,1546,2.2,25.8,1938,23.8,2435,3.5,25.6
E07000036,Erewash,E12000004,E92000001,110099,100,112081,100,2,20160,18.3,9988,8.9,21636,19.3,7.3,1205,10.1,1508,1.3,25.1,2351,19.8,2917,2.6,24.1,3556,29.9,4425,3.9,24.4
E07000037,High Peak,E12000004,E92000001,89433,100,90892,100,2,15645,17.5,7451,8.2,16464,18.1,5.2,868,8.9,1185,1.3,36.5,1683,17.3,2037,2.2,21,2551,26.2,3222,3.5,26.3
E07000038,North East Derbyshire,E12000004,E92000001,96940,100,99023,100,2,20994,21.7,10594,10.7,21762,22,3.7,1477,11.7,1742,1.8,17.9,2540,20.2,3011,3,18.5,4017,31.9,4753,4.8,18.3
E07000039,South Derbyshire,E12000004,E92000001,81562,100,94611,100,16,14317,17.6,7565,8,16536,17.5,15.5,935,10.2,1350,1.4,44.4,1698,18.6,2202,2.3,29.7,2633,28.8,3552,3.7,34.9
E07000040,East Devon,E12000009,E92000001,125520,100,132457,100,6,25497,20.3,11814,8.9,27839,21,9.2,1281,9.3,1762,1.3,37.5,2542,18.5,3336,2.5,31.2,3823,27.8,5098,3.8,33.4
E07000041,Exeter,E12000009,E92000001,111076,100,117773,100,6,19500,17.6,9006,7.6,19689,16.7,1,973,9.8,1298,1.1,33.4,2036,20.6,2447,2.1,20.2,3009,30.4,3745,3.2,24.5
E07000042,Mid Devon,E12000009,E92000001,69774,100,77750,100,11,11875,17,5792,7.4,13500,17.3,13.7,645,9.3,927,1.2,43.7,1314,18.9,1727,2.2,31.4,1959,28.2,2654,3.4,35.5
E07000043,North Devon,E12000009,E92000001,87508,100,93667,100,7,16377,18.7,8180,8.7,18399,19.6,12.3,937,10.4,1260,1.3,34.5,1839,20.4,2449,2.6,33.2,2776,30.8,3709,3.9,33.6
E07000044,South Hams,E12000009,E92000001,81849,100,83140,100,2,15305,18.7,6813,8.2,15973,19.2,4.4,830,9.1,1156,1.4,39.3,1625,17.8,1971,2.4,21.3,2455,26.9,3127,3.8,27.4
E07000045,Teignbridge,E12000009,E92000001,120958,100,124220,100,3,24185,20,11534,9.3,25615,20.6,5.9,1227,9.6,1767,1.4,44,2709,21.2,3379,2.7,24.7,3936,30.8,5146,4.1,30.7
E07000046,Torridge,E12000009,E92000001,58965,100,63839,100,8,11731,19.9,6116,9.6,13440,21.1,14.6,692,11.1,989,1.5,42.9,1401,22.4,1781,2.8,27.1,2093,33.5,2770,4.3,32.3
E07000047,West Devon,E12000009,E92000001,48843,100,53553,100,10,9286,19,4579,8.6,10724,20.1,15.5,493,9.4,709,1.3,43.8,1025,19.6,1398,2.6,36.4,1518,29,2107,3.9,38.8
E07000048,Christchurch,E12000009,E92000001,44865,100,47752,100,6,9922,22.1,4629,9.7,10700,22.4,7.8,514,9.9,686,1.4,33.5,1121,21.6,1369,2.9,22.1,1635,31.5,2055,4.3,25.7
E07000049,East Dorset,E12000009,E92000001,83786,100,87166,100,4,15428,18.4,7152,8.2,17175,19.7,11.3,774,8.3,1148,1.3,48.3,1691,18.1,2300,2.6,36,2465,26.4,3448,3.9,39.9
E07000050,North Dorset,E12000009,E92000001,61905,100,68583,100,11,10288,16.6,4896,7.1,12019,17.5,16.8,539,9.1,766,1.1,42.1,1049,17.6,1502,2.2,43.2,1588,26.7,2268,3.3,42.8
E07000051,Purbeck,E12000009,E92000001,44416,100,44973,100,1,8271,18.6,3702,8.2,8759,19.4,5.9,453,9.4,653,1.5,44.2,851,17.6,1115,2.5,31,1304,27,1768,4,35.6
E07000052,West Dorset,E12000009,E92000001,92360,100,99264,100,7,17862,19.3,8645,8.7,20113,20.3,12.6,956,9.5,1237,1.2,29.4,1739,17.3,2406,2.4,38.4,2695,26.8,3643,3.6,35.2
E07000053,Weymouth and Portland,E12000009,E92000001,63648,100,65167,100,2,13309,20.9,6315,9.7,14101,21.6,6,735,10.8,966,1.5,31.4,1469,21.6,1812,2.8,23.3,2204,32.4,2778,4.3,26
E07000061,Eastbourne,E12000008,E92000001,89667,100,99412,100,11,19358,21.6,9622,9.7,20831,21,7.6,911,10.4,1261,1.3,38.4,1837,21,2579,2.6,40.4,2748,31.4,3840,3.9,39.7
E07000062,Hastings,E12000008,E92000001,85029,100,90254,100,6,18419,21.7,9581,10.6,19956,22.1,8.3,896,10.4,1321,1.5,47.4,1987,23,2413,2.7,21.4,2883,33.4,3734,4.2,29.5
E07000063,Lewes,E12000008,E92000001,92177,100,97502,100,6,17375,18.8,8471,8.7,19054,19.6,9.7,862,8.9,1197,1.2,38.9,1682,17.3,2304,2.4,37,2544,26.2,3501,3.6,37.6
E07000064,Rother,E12000008,E92000001,85428,100,90588,100,6,18793,22,9651,10.7,21242,23.5,13,861,9,1250,1.4,45.2,1869,19.6,2732,3,46.2,2730,28.6,3982,4.4,45.9
E07000065,Wealden,E12000008,E92000001,140023,100,148915,100,6,23514,16.8,10918,7.3,26062,17.5,10.8,1103,7.7,1716,1.2,55.6,2428,16.9,3099,2.1,27.6,3531,24.6,4815,3.3,36.4
E07000066,Basildon,E12000006,E92000001,165668,100,174497,100,5,28024,16.9,14296,8.2,30336,17.4,8.3,1703,10.9,2402,1.4,41,3555,22.7,4455,2.6,25.3,5258,33.6,6857,4,30.4
E07000067,Braintree,E12000006,E92000001,132179,100,147084,100,11,20437,15.5,10695,7.3,24110,16.4,18,1088,8.8,1700,1.2,56.3,2189,17.7,3129,2.1,42.9,3277,26.5,4829,3.3,47.4
E07000068,Brentwood,E12000006,E92000001,68456,100,73601,100,8,10559,15.4,5019,6.8,11449,15.5,8.4,552,8,819,1.1,48.4,1048,15.2,1438,2,37.2,1600,23.2,2257,3.1,41.1
E07000069,Castle Point,E12000006,E92000001,86608,100,88011,100,2,14818,17.1,7995,9.1,16748,19,13,865,9.6,1288,1.5,48.9,1886,21,2509,2.9,33,2751,30.6,3797,4.4,38
E07000070,Chelmsford,E12000006,E92000001,157072,100,168310,100,7,21345,13.6,10186,6.1,24310,14.5,13.9,1244,8.3,1720,1,38.3,2202,14.7,3068,1.8,39.3,3446,23,4788,2.8,38.9
E07000071,Colchester,E12000006,E92000001,155796,100,173074,100,11,24843,15.9,12141,7,27343,15.8,10.1,1402,9.7,2036,1.2,45.2,2589,17.8,3413,2,31.8,3991,27.5,5449,3.2,36.5
E07000072,Epping Forest,E12000006,E92000001,120896,100,124659,100,3,18731,15.5,8831,7.1,19601,15.7,4.6,1169,9.5,1439,1.2,23.1,2045,16.7,2500,2,22.2,3214,26.2,3939,3.2,22.6
E07000073,Harlow,E12000006,E92000001,78768,100,81944,100,4,12737,16.2,6416,7.8,14008,17.1,10,755,10.8,1158,1.4,53.4,1449,20.6,1878,2.3,29.6,2204,31.4,3036,3.7,37.7
E07000074,Maldon,E12000006,E92000001,59418,100,61629,100,4,9220,15.5,4702,7.6,10738,17.4,16.5,526,8.5,837,1.4,59.1,1030,16.6,1454,2.4,41.2,1556,25.1,2291,3.8,47.2
E07000075,Rochford,E12000006,E92000001,78489,100,83287,100,6,12398,15.8,5957,7.2,14122,17,13.9,693,8.6,1033,1.2,49.1,1460,18.2,1880,2.3,28.8,2153,26.8,2913,3.5,35.3
E07000076,Tendring,E12000006,E92000001,138539,100,138048,100,0,33244,24,17303,12.5,35262,25.5,6.1,1669,10.7,2377,1.7,42.4,3832,24.6,4892,3.5,27.7,5501,35.3,7269,5.2,32.1
E07000077,Uttlesford,E12000006,E92000001,68946,100,79443,100,15,9115,13.2,4440,5.6,10840,13.7,18.9,517,7.8,783,1,51.5,896,13.5,1324,1.7,47.8,1413,21.3,2107,2.7,49.1
E07000078,Cheltenham,E12000009,E92000001,110013,100,115732,100,5,17115,15.6,7582,6.6,17506,15.2,2.3,903,9.2,1111,1,23,1625,16.5,1917,1.7,18,2528,25.7,3028,2.7,19.8
E07000079,Cotswold,E12000009,E92000001,80376,100,82881,100,3,12134,15.1,5417,6.5,13369,16.1,10.2,625,8.1,822,1,31.5,1115,14.5,1520,1.8,36.3,1740,22.6,2342,2.8,34.6
E07000080,Forest of Dean,E12000009,E92000001,79982,100,81961,100,2,14429,18,7265,8.9,16063,19.6,11.3,862,10.1,1197,1.5,38.9,1624,19.1,2175,2.7,33.9,2486,29.2,3372,4.2,35.6
E07000081,Gloucester,E12000009,E92000001,109885,100,121688,100,11,18531,16.9,9285,7.6,20433,16.8,10.3,1154,11.1,1468,1.2,27.2,1983,19,2732,2.2,37.8,3137,30.1,4200,3.4,33.9
E07000082,Stroud,E12000009,E92000001,107898,100,112779,100,5,17092,15.8,8073,7.2,18852,16.8,10.3,990,8.6,1293,1.1,30.6,1716,14.9,2205,2,28.5,2706,23.5,3498,3.1,29.3
E07000083,Tewkesbury,E12000009,E92000001,76405,100,81943,100,7,11863,15.5,5670,6.9,13523,16.5,14,649,8.4,939,1.1,44.7,1266,16.3,1669,2,31.8,1915,24.7,2608,3.1,36.2
E07000084,Basingstoke and Deane,E12000008,E92000001,152573,100,167799,100,10,19944,13.1,9326,5.6,22728,13.6,14,1120,8.8,1697,1,51.5,2105,16.6,2988,1.8,41.9,3225,25.4,4685,2.8,45.3
E07000085,East Hampshire,E12000008,E92000001,109274,100,115608,100,6,15517,14.2,7402,6.4,17243,14.9,11.1,806,7.9,1106,1,37.2,1546,15.1,2028,1.8,31.2,2352,23,3134,2.8,33.2
E07000086,Eastleigh,E12000008,E92000001,116169,100,125199,100,8,16742,14.4,8279,6.6,19116,15.3,14.2,911,8.5,1417,1.1,55.5,1858,17.3,2409,1.9,29.7,2769,25.8,3826,3,38.2
E07000087,Fareham,E12000008,E92000001,107977,100,111581,100,3,16546,15.3,7548,6.8,18387,16.5,11.1,860,8.5,1198,1.1,39.3,1694,16.8,2299,2.1,35.7,2554,25.3,3497,3.2,36.9
E07000088,Gosport,E12000008,E92000001,76415,100,82622,100,8,12844,16.8,6405,7.8,14500,17.6,12.9,727,11.1,988,1.2,35.9,1513,23.1,1949,2.4,28.8,2240,34.2,2937,3.6,31.1
E07000089,Hart,E12000008,E92000001,83505,100,91033,100,9,9315,11.2,4123,4.5,10945,12,17.5,511,7.3,779,0.9,52.4,950,13.5,1286,1.4,35.4,1461,20.8,2065,2.3,41.3
E07000090,Havant,E12000008,E92000001,116849,100,120684,100,3,21398,18.3,10647,8.8,23343,19.3,9.1,1132,9.9,1620,1.3,43.1,2641,23,3313,2.7,25.4,3773,32.9,4933,4,30.7
E07000091,New Forest,E12000008,E92000001,169331,100,176462,100,4,30223,17.8,14591,8.3,33982,19.3,12.4,1582,8.9,2195,1.2,38.7,3262,18.4,4314,2.4,32.3,4844,27.3,6509,3.6,34.4
E07000092,Rushmoor,E12000008,E92000001,90987,100,93807,100,3,12020,13.2,5250,5.6,12435,13.3,3.5,661,9.5,989,1.1,49.6,1265,18.2,1616,1.7,27.7,1926,27.7,2605,2.8,35.3
E07000093,Test Valley,E12000008,E92000001,109801,100,116398,100,6,15466,14.1,7456,6.4,17719,15.2,14.6,811,7.9,1272,1.1,56.8,1650,16,2292,2,38.9,2461,23.9,3564,3.1,44.8
E07000094,Winchester,E12000008,E92000001,107222,100,116595,100,9,15252,14.2,6862,5.9,16927,14.5,11,743,7.4,1025,0.9,38,1375,13.6,1934,1.7,40.7,2118,21,2959,2.6,39.7
E07000095,Broxbourne,E12000006,E92000001,87054,100,93609,100,8,12433,14.3,6396,6.8,14281,15.2,14.9,800,10.1,1124,1.2,40.5,1508,19,2100,2.2,39.3,2308,29.1,3224,3.4,39.7
E07000096,Dacorum,E12000006,E92000001,137799,100,144847,100,5,19038,13.8,9180,6.3,21336,14.7,12.1,1080,8.3,1554,1.1,43.9,2032,15.6,2769,1.9,36.3,3112,23.9,4323,3,38.9
E07000098,Hertsmere,E12000006,E92000001,94450,100,100031,100,6,13885,14.7,6755,6.8,14869,14.9,7.1,816,9.2,1266,1.3,55.1,1426,16,1820,1.8,27.6,2242,25.2,3086,3.1,37.6
E07000099,North Hertfordshire,E12000006,E92000001,116908,100,127114,100,9,17204,14.7,8017,6.3,19182,15.1,11.5,941,8.5,1386,1.1,47.3,1767,16,2343,1.8,32.6,2708,24.5,3729,2.9,37.7
E07000102,Three Rivers,E12000006,E92000001,82848,100,87317,100,5,11812,14.3,5402,6.2,12625,14.5,6.9,690,8.5,934,1.1,35.4,1148,14.1,1517,1.7,32.1,1838,22.6,2451,2.8,33.4
E07000103,Watford,E12000006,E92000001,79726,100,90301,100,13,11332,14.2,5469,6.1,12300,13.7,8.5,703,10.2,1066,1.2,51.6,1238,18,1584,1.8,27.9,1941,28.2,2650,3,36.5
E07000105,Ashford,E12000008,E92000001,102661,100,117956,100,15,16528,16.1,8416,7.1,19085,16.1,15.5,875,9,1428,1.2,63.2,1862,19.2,2705,2.3,45.3,2737,28.2,4133,3.5,51
E07000106,Canterbury,E12000008,E92000001,135278,100,151145,100,12,25504,18.9,12427,8.2,27318,18.1,7.1,1273,9.5,1815,1.2,42.6,2689,20.1,3679,2.4,36.8,3962,29.6,5494,3.6,38.7
E07000107,Dartford,E12000008,E92000001,85911,100,97365,100,13,12977,15.1,6621,6.8,14735,15.1,13.5,730,9.4,1126,1.2,54.2,1468,19,2166,2.2,47.5,2198,28.4,3292,3.4,49.8
E07000108,Dover,E12000008,E92000001,104566,100,111674,100,7,21459,20.5,10853,9.7,23257,20.8,8.4,1088,10.1,1579,1.4,45.1,2363,21.9,3183,2.9,34.7,3451,32,4762,4.3,38
E07000109,Gravesham,E12000008,E92000001,95717,100,101720,100,6,15605,16.3,7796,7.7,17342,17.1,11.1,937,10.4,1383,1.4,47.6,1772,19.6,2556,2.5,44.2,2709,30,3939,3.9,45.4
E07000110,Maidstone,E12000008,E92000001,138948,100,155143,100,12,21161,15.2,10660,6.9,24505,15.8,15.8,1089,8.2,1728,1.1,58.7,2254,16.9,3361,2.2,49.1,3343,25.1,5089,3.3,52.2
E07000111,Sevenoaks,E12000008,E92000001,109305,100,114893,100,5,15805,14.5,7219,6.3,17091,14.9,8.1,835,7.7,1190,1,42.5,1633,15,2254,2,38,2468,22.7,3444,3,39.5
E07000112,Folkestone and Hythe,E12000008,E92000001,96238,100,107969,100,12,19726,20.5,10753,10,22718,21.1,15.2,1004,10,1663,1.5,65.6,2121,21.2,3178,2.9,49.8,3125,31.2,4841,4.4,54.9
E07000113,Swale,E12000008,E92000001,122801,100,135835,100,11,21623,17.6,11742,8.6,25322,18.6,17.1,1153,10.2,1897,1.4,64.5,2766,24.4,4010,3,45,3919,34.6,5907,4.4,50.7
E07000114,Thanet,E12000008,E92000001,126702,100,134186,100,6,29038,22.9,15369,11.5,31348,23.4,8,1489,11.1,2190,1.6,47.1,3401,25.4,4387,3.3,29,4890,36.5,6577,4.9,34.5
E07000115,Tonbridge and Malling,E12000008,E92000001,107561,100,120805,100,12,15098,14,7579,6.3,17946,14.9,18.9,795,8.2,1321,1.1,66.2,1612,16.6,2502,2.1,55.2,2407,24.8,3823,3.2,58.8
E07000116,Tunbridge Wells,E12000008,E92000001,104030,100,115049,100,11,15085,14.5,6972,6.1,16371,14.3,8.5,711,7.7,1112,1,56.4,1357,14.8,1900,1.7,40,2068,22.5,3012,2.7,45.6
E07000117,Burnley,E12000002,E92000001,89542,100,87059,100,-3,19770,22.1,10090,11.6,19607,22.5,-0.8,1045,10.7,1379,1.6,32,2211,22.7,2615,3,18.3,3256,33.4,3994,4.6,22.7
E07000118,Chorley,E12000002,E92000001,100449,100,107155,100,7,18592,18.5,9626,9,19738,18.4,6.2,1173,10.7,1652,1.5,40.8,1989,18.2,2729,2.5,37.2,3162,28.9,4381,4,38.6
E07000119,Fylde,E12000002,E92000001,73217,100,75757,100,3,15586,21.3,7849,10.4,16563,21.9,6.3,847,10.4,1131,1.5,33.5,1588,19.5,2149,2.8,35.3,2435,29.9,3280,4.3,34.7
E07000120,Hyndburn,E12000002,E92000001,81496,100,80734,100,-1,17942,22,9153,11.3,17553,21.7,-2.2,1079,12.1,1220,1.5,13.1,2024,22.7,2510,3.1,24,3103,34.8,3730,4.6,20.2
E07000121,Lancaster,E12000002,E92000001,133914,100,138375,100,3,26702,19.9,12751,9.2,26927,19.4,0.8,1418,10.4,1819,1.3,28.3,2945,21.7,3535,2.6,20,4363,32.1,5354,3.9,22.7
E07000122,Pendle,E12000002,E92000001,89248,100,89452,100,0,18695,20.9,9280,10.4,18708,20.9,0.1,1096,11.2,1412,1.6,28.8,1985,20.2,2402,2.7,21,3081,31.4,3814,4.3,23.8
E07000123,Preston,E12000002,E92000001,129633,100,140202,100,8,24867,19.2,12605,9,25485,18.2,2.5,1498,11.4,2198,1.6,46.7,2805,21.4,3451,2.5,23,4303,32.8,5649,4.1,31.3
E07000124,Ribble Valley,E12000002,E92000001,53960,100,57132,100,6,9308,17.2,4076,7.1,9546,16.7,2.6,471,8,617,1.1,31,913,15.6,1166,2,27.7,1384,23.6,1783,3.1,28.8
E07000125,Rossendale,E12000002,E92000001,65652,100,67982,100,4,13348,20.3,6818,10,13510,19.8,1.2,802,11.3,988,1.5,23.2,1485,20.9,1782,2.6,20,2287,32.2,2770,4.1,21.1
E07000126,South Ribble,E12000002,E92000001,103867,100,109057,100,5,18818,18.1,9227,8.5,19636,18,4.3,1146,10,1558,1.4,36,2213,19.3,2765,2.5,24.9,3359,29.3,4323,3.9,28.7
E07000127,West Lancashire,E12000002,E92000001,108378,100,110685,100,2,21467,19.8,11212,10.1,22138,20,3.1,1444,11.6,1812,1.6,25.5,2857,22.9,3372,3,18,4301,34.5,5184,4.6,20.5
E07000128,Wyre,E12000002,E92000001,105618,100,107749,100,2,23831,22.6,12656,11.7,25601,23.7,7.4,1371,11,1886,1.8,37.6,3020,24.2,3688,3.4,22.1,4391,35.2,5574,5.2,26.9
E07000129,Blaby,E12000004,E92000001,90252,100,93915,100,4,13298,14.7,6464,6.9,14798,15.8,11.3,838,8.8,1234,1.3,47.3,1488,15.6,2074,2.2,39.4,2326,24.4,3308,3.5,42.2
E07000130,Charnwood,E12000004,E92000001,153462,100,166100,100,8,23025,15,11143,6.7,25869,15.6,12.4,1357,8.9,1863,1.1,37.3,2362,15.5,3294,2,39.5,3719,24.4,5157,3.1,38.7
E07000131,Harborough,E12000004,E92000001,76559,100,85382,100,12,10524,13.7,5048,5.9,12424,14.5,18.1,599,7.8,917,1.1,53.1,1074,14,1503,1.8,39.9,1673,21.8,2420,2.9,44.7
E07000132,Hinckley and Bosworth,E12000004,E92000001,100141,100,105078,100,5,16349,16.3,7845,7.5,17832,17,9.1,965,8.8,1361,1.3,41,1920,17.5,2471,2.4,28.7,2885,26.3,3832,3.7,32.8
E07000133,Melton,E12000004,E92000001,47866,100,50376,100,5,6959,14.5,3165,6.3,7849,15.6,12.8,390,8.2,549,1.1,40.8,810,17,1017,2,25.6,1200,25.2,1566,3.1,30.5
E07000134,North West Leicestershire,E12000004,E92000001,85503,100,93468,100,9,15255,17.8,7837,8.4,16930,18.1,11,1060,11.3,1342,1.4,26.6,1835,19.6,2342,2.5,27.6,2895,30.9,3684,3.9,27.3
E07000135,Oadby and Wigston,E12000004,E92000001,55795,100,56170,100,1,8761,15.7,4309,7.7,9721,17.3,11,511,8.8,751,1.3,47,983,16.9,1339,2.4,36.2,1494,25.7,2090,3.7,39.9
E07000136,Boston,E12000004,E92000001,55750,100,64637,100,16,11294,20.3,6199,9.6,13040,20.2,15.5,639,11.3,937,1.4,46.6,1358,24,1767,2.7,30.1,1997,35.3,2704,4.1,35.4
E07000137,East Lindsey,E12000004,E92000001,130447,100,136401,100,5,30951,23.7,17475,12.8,35402,25.9,14.4,1936,13,2556,1.9,32,4250,28.6,5624,4.1,32.3,6186,41.6,8180,6,32.2
E07000138,Lincoln,E12000004,E92000001,85595,100,93541,100,9,16470,19.2,8012,8.6,17266,18.5,4.8,887,11.3,1196,1.3,34.8,1831,23.4,2447,2.6,33.6,2718,34.7,3643,3.9,34
E07000139,North Kesteven,E12000004,E92000001,94024,100,107766,100,15,16718,17.8,9108,8.5,20604,19.2,23.2,945,9.8,1473,1.4,55.9,1977,20.6,2983,2.8,50.9,2922,30.4,4456,4.2,52.5
E07000140,South Holland,E12000004,E92000001,76522,100,88270,100,15,15018,19.6,8376,9.5,18197,20.6,21.2,818,10.5,1273,1.4,55.6,1842,23.6,2518,2.9,36.7,2660,34.1,3791,4.3,42.5
E07000141,South Kesteven,E12000004,E92000001,124792,100,133788,100,7,19795,15.9,10219,7.6,23129,17.2,16.8,1013,8.9,1603,1.2,58.2,2138,18.9,2979,2.2,39.3,3151,27.8,4582,3.4,45.4
E07000142,West Lindsey,E12000004,E92000001,79515,100,89250,100,12,14858,18.7,7944,8.9,17784,19.9,19.7,853,10,1167,1.3,36.8,1693,19.8,2458,2.8,45.2,2546,29.8,3625,4.1,42.4
E07000143,Breckland,E12000006,E92000001,121418,100,130491,100,7,22556,18.6,11537,8.8,25645,19.6,13.7,1196,10.2,1811,1.4,51.4,2526,21.5,3577,2.7,41.6,3722,31.7,5388,4.1,44.8
E07000144,Broadland,E12000006,E92000001,118513,100,124646,100,5,20703,17.5,10089,8.1,23330,18.7,12.7,1129,8.9,1527,1.2,35.3,2064,16.3,2891,2.3,40.1,3193,25.2,4418,3.5,38.4
E07000145,Great Yarmouth,E12000006,E92000001,90810,100,97277,100,7,19785,21.8,10578,10.9,21852,22.5,10.4,1108,11.5,1572,1.6,41.9,2451,25.4,3349,3.4,36.6,3559,36.9,4921,5,38.3
E07000146,King's Lynn and West Norfolk,E12000006,E92000001,135345,100,147451,100,9,27621,20.4,14426,9.8,31381,21.3,13.6,1545,10.7,2261,1.5,46.3,3355,23.1,4794,3.3,42.9,4900,33.8,7055,4.8,44
E07000147,North Norfolk,E12000006,E92000001,98382,100,101499,100,3,21140,21.5,10456,10.3,23609,23.3,11.7,1089,10.2,1450,1.4,33.1,2218,20.7,2993,2.9,34.9,3307,30.9,4443,4.3,34.4
E07000148,Norwich,E12000006,E92000001,121550,100,132512,100,9,23635,19.4,11372,8.6,24374,18.4,3.1,1110,10.3,1523,1.1,37.2,2341,21.8,2869,2.2,22.6,3451,32.1,4392,3.3,27.3
E07000149,South Norfolk,E12000006,E92000001,110710,100,124012,100,12,18839,17,9238,7.4,22240,17.9,18.1,983,8.4,1482,1.2,50.8,1885,16.2,2734,2.2,45,2868,24.6,4216,3.4,47
E07000150,Corby,E12000004,E92000001,53174,100,61255,100,15,9780,18.4,5437,8.9,10868,17.8,11.1,645,12.5,889,1.5,37.8,1248,24.3,1664,2.7,33.3,1893,36.8,2553,4.2,34.9
E07000151,Daventry,E12000004,E92000001,71838,100,77843,100,8,9779,13.6,5115,6.6,12113,15.6,23.9,563,8.2,890,1.1,58.1,1035,15,1566,2,51.3,1598,23.2,2456,3.1,53.7
E07000152,East Northamptonshire,E12000004,E92000001,76550,100,86765,100,13,11639,15.2,5975,6.9,14083,16.2,21,673,9.6,995,1.1,47.8,1218,17.3,1794,2.1,47.3,1891,26.9,2789,3.2,47.5
E07000153,Kettering,E12000004,E92000001,81844,100,93475,100,14,13278,16.2,7166,7.7,15992,17.1,20.4,788,9.6,1142,1.2,44.9,1381,16.8,2104,2.3,52.4,2169,26.4,3246,3.5,49.7
E07000154,Northampton,E12000004,E92000001,194458,100,212069,100,9,30856,15.9,15175,7.2,33587,15.9,8.9,1741,10.1,2444,1.2,40.4,3432,19.8,4462,2.1,30,5173,29.9,6906,3.3,33.5
E07000155,South Northamptonshire,E12000004,E92000001,79293,100,85189,100,7,10237,12.9,4899,5.8,11877,14,16,611,8.3,920,1.1,50.6,1030,13.9,1510,1.8,46.6,1641,22.2,2430,2.9,48.1
E07000156,Wellingborough,E12000004,E92000001,72519,100,75356,100,4,12082,16.7,5982,7.9,13464,17.8,11.4,750,10.6,979,1.3,30.5,1264,17.9,1819,2.4,43.9,2014,28.5,2798,3.7,38.9
E07000163,Craven,E12000003,E92000001,53620,100,55409,100,3,9241,17.2,4348,7.8,9937,17.9,7.5,440,7.7,674,1.2,53.2,955,16.8,1178,2.1,23.4,1395,24.5,1852,3.3,32.8
E07000164,Hambleton,E12000003,E92000001,84111,100,89140,100,6,13476,16,6330,7.1,15025,16.9,11.5,747,8.9,957,1.1,28.1,1392,16.7,1872,2.1,34.5,2139,25.6,2829,3.2,32.3
E07000165,Harrogate,E12000003,E92000001,151336,100,157869,100,4,23591,15.6,10490,6.6,24619,15.5,4.4,1256,8.6,1632,1,29.9,2201,15.2,2824,1.8,28.3,3457,23.8,4456,2.8,28.9
E07000166,Richmondshire,E12000003,E92000001,47010,100,51965,100,11,7170,15.3,3261,6.3,7923,15.3,10.5,441,11,564,1.1,27.9,688,17.2,917,1.8,33.3,1129,28.2,1481,2.9,31.2
E07000167,Ryedale,E12000003,E92000001,50872,100,51751,100,2,8573,16.9,3881,7.5,9189,17.8,7.2,443,8.7,627,1.2,41.5,936,18.4,1141,2.2,21.9,1379,27.1,1768,3.4,28.2
E07000168,Scarborough,E12000003,E92000001,106243,100,108793,100,2,22942,21.6,11369,10.5,24373,22.5,6.2,1404,12.4,1695,1.6,20.7,2609,23.1,3177,2.9,21.8,4013,35.5,4872,4.5,21.4
E07000169,Selby,E12000003,E92000001,76468,100,83449,100,9,12323,16.1,6020,7.2,13678,16.4,11,758,10,1041,1.2,37.3,1405,18.6,1727,2.1,22.9,2163,28.6,2768,3.3,28
E07000170,Ashfield,E12000004,E92000001,111387,100,119497,100,7,24654,22.1,13340,11.2,26863,22.5,9,1568,12.4,2091,1.7,33.4,3014,23.8,3890,3.3,29.1,4582,36.2,5981,5,30.5
E07000171,Bassetlaw,E12000004,E92000001,107713,100,112863,100,5,23629,21.9,12202,10.8,24611,21.8,4.2,1480,12,1785,1.6,20.6,2767,22.4,3442,3,24.4,4247,34.4,5227,4.6,23.1
E07000172,Broxtowe,E12000004,E92000001,107570,100,109487,100,2,19522,18.1,9474,8.7,20591,18.9,5.5,1145,9.8,1563,1.4,36.5,2168,18.6,2661,2.4,22.7,3313,28.4,4224,3.8,27.5
E07000173,Gedling,E12000004,E92000001,111787,100,113543,100,2,20421,18.3,9986,8.8,21956,19.3,7.5,1226,9.8,1554,1.4,26.8,2217,17.8,2890,2.5,30.4,3443,27.6,4444,3.9,29.1
E07000174,Mansfield,E12000004,E92000001,98181,100,104466,100,6,23784,24.2,12708,12.2,24808,23.8,4.3,1527,13.1,1797,1.7,17.7,2904,24.9,3550,3.4,22.2,4431,38,5347,5.1,20.7
E07000175,Newark and Sherwood,E12000004,E92000001,106273,100,114817,100,8,20926,19.7,10966,9.6,23364,20.4,11.7,1240,10.6,1655,1.4,33.5,2544,21.7,3156,2.7,24.1,3784,32.3,4811,4.1,27.1
E07000176,Rushcliffe,E12000004,E92000001,105599,100,111129,100,5,16516,15.6,7540,6.8,17479,15.7,5.8,876,8.2,1147,1,30.9,1601,15,2091,1.9,30.6,2477,23.2,3238,2.9,30.7
E07000177,Cherwell,E12000008,E92000001,131785,100,141868,100,8,17490,13.3,8698,6.1,20072,14.1,14.8,1022,8.9,1452,1,42.1,1976,17.3,2686,1.9,35.9,2998,26.2,4138,2.9,38
E07000178,Oxford,E12000008,E92000001,134248,100,151906,100,13,18495,13.8,8139,5.4,18851,12.5,1.9,1087,10.3,1468,1,35.1,1693,16.1,2098,1.4,23.9,2780,26.4,3566,2.4,28.3
E07000179,South Oxfordshire,E12000008,E92000001,128188,100,134257,100,5,16735,13.1,7541,5.6,18500,13.8,10.5,923,7.8,1250,0.9,35.4,1692,14.3,2189,1.6,29.4,2615,22.1,3439,2.5,31.5
E07000180,Vale of White Horse,E12000008,E92000001,115627,100,120988,100,5,15162,13.1,7041,5.8,17184,14.2,13.3,851,7.8,1183,1,39,1706,15.7,2220,1.8,30.1,2557,23.5,3403,2.8,33.1
E07000181,West Oxfordshire,E12000008,E92000001,95640,100,104779,100,10,13057,13.7,6208,5.9,15149,14.4,16,731,8.3,1050,1,43.6,1288,14.6,1768,1.7,37.3,2019,22.9,2818,2.7,39.6
E07000187,Mendip,E12000009,E92000001,103869,100,109279,100,5,17465,16.8,8407,7.7,19474,17.8,11.5,902,9,1284,1.2,42.4,1750,17.4,2441,2.2,39.5,2652,26.4,3725,3.4,40.5
E07000188,Sedgemoor,E12000009,E92000001,105881,100,114588,100,8,20047,18.9,10077,8.8,22513,19.7,12.3,1054,9.7,1589,1.4,50.8,2372,21.8,3049,2.7,28.5,3426,31.5,4638,4.1,35.4
E07000189,South Somerset,E12000009,E92000001,150969,100,161243,100,7,26238,17.4,12699,7.9,29299,18.2,11.7,1335,8.7,1988,1.2,48.9,2724,17.8,3550,2.2,30.3,4059,26.5,5538,3.4,36.4
E07000190,Taunton Deane,E12000009,E92000001,102299,100,110187,100,8,18573,18.2,9115,8.3,20127,18.3,8.4,933,9.1,1351,1.2,44.8,1835,17.9,2294,2.1,25,2768,27,3645,3.3,31.7
E07000191,West Somerset,E12000009,E92000001,35075,100,34675,100,-1,7807,22.3,3690,10.6,8251,23.8,5.7,358,9.4,504,1.5,40.8,787,20.6,979,2.8,24.4,1145,30,1483,4.3,29.5
E07000192,Cannock Chase,E12000005,E92000001,92126,100,97462,100,6,18308,19.9,10124,10.4,20204,20.7,10.4,1260,12.5,1736,1.8,37.8,2316,22.9,3134,3.2,35.3,3576,35.4,4870,5,36.2
E07000193,East Staffordshire,E12000005,E92000001,103770,100,113583,100,9,17723,17.1,8982,7.9,20107,17.7,13.5,1078,10.4,1443,1.3,33.9,2075,20,2532,2.2,22,3153,30.4,3975,3.5,26.1
E07000194,Lichfield,E12000005,E92000001,93232,100,100654,100,8,16001,17.2,8289,8.2,18265,18.1,14.1,923,9,1359,1.4,47.2,1840,17.9,2548,2.5,38.5,2763,26.9,3907,3.9,41.4
E07000195,Newcastle-under-Lyme,E12000005,E92000001,122030,100,123871,100,2,25430,20.8,12427,10,25824,20.8,1.5,1628,11.5,1972,1.6,21.1,2879,20.4,3524,2.8,22.4,4507,31.9,5496,4.4,21.9
E07000196,South Staffordshire,E12000005,E92000001,105896,100,108131,100,2,17985,17,9016,8.3,20213,18.7,12.4,1211,9.5,1721,1.6,42.1,2217,17.4,2676,2.5,20.7,3428,26.9,4397,4.1,28.3
E07000197,Stafford,E12000005,E92000001,120670,100,130869,100,8,21199,17.6,10481,8,23834,18.2,12.4,1265,9.5,1709,1.3,35.1,2309,17.4,3123,2.4,35.3,3574,26.9,4832,3.7,35.2
E07000198,Staffordshire Moorlands,E12000005,E92000001,94489,100,97106,100,3,18818,19.9,9599,9.9,20455,21.1,8.7,1195,10.5,1545,1.6,29.3,2067,18.2,2698,2.8,30.5,3262,28.7,4243,4.4,30.1
E07000199,Tamworth,E12000005,E92000001,74531,100,76813,100,3,12540,16.8,6544,8.5,13745,17.9,9.6,883,11.8,1143,1.5,29.4,1792,24,2178,2.8,21.5,2675,35.8,3321,4.3,24.1
E07000200,Babergh,E12000006,E92000001,83461,100,87740,100,5,13422,16.1,6333,7.2,15243,17.4,13.6,780,9,1020,1.2,30.8,1438,16.6,1877,2.1,30.5,2218,25.6,2897,3.3,30.6
E07000201,Forest Heath,E12000006,E92000001,55510,100,59748,100,8,8019,14.4,4024,6.7,9010,15,12.4,406,9.4,634,1.1,56.2,872,20.1,1208,2,38.5,1278,29.5,1842,3.1,44.1
E07000202,Ipswich,E12000006,E92000001,117069,100,133384,100,14,21067,18,10718,8,23542,17.6,11.7,1263,11.2,1730,1.3,37,2400,21.3,3139,2.4,30.8,3663,32.5,4869,3.7,32.9
E07000203,Mid Suffolk,E12000006,E92000001,86837,100,96731,100,11,13469,15.5,6450,6.7,16009,16.6,18.9,756,8.8,1055,1.1,39.6,1407,16.3,1995,2.1,41.8,2163,25.1,3050,3.2,41
E07000204,St Edmundsbury,E12000006,E92000001,98193,100,111008,100,13,15269,15.5,7863,7.1,18213,16.4,19.3,840,9.2,1187,1.1,41.3,1615,17.7,2322,2.1,43.8,2455,26.9,3509,3.2,42.9
E07000205,Suffolk Coastal,E12000006,E92000001,115141,100,124298,100,8,19818,17.2,9790,7.9,22963,18.5,15.9,1066,8.6,1642,1.3,54,2136,17.3,2919,2.3,36.7,3202,25.9,4561,3.6,42.4
E07000206,Waveney,E12000006,E92000001,112342,100,115254,100,3,23228,20.7,12158,10.5,25709,22.3,10.7,1227,10.2,1776,1.5,44.7,2712,22.5,3734,3.2,37.7,3939,32.7,5510,4.7,39.9
E07000207,Elmbridge,E12000008,E92000001,121936,100,130875,100,7,15158,12.4,6697,5.1,15831,12.1,4.4,739,6.7,1100,0.8,48.8,1447,13.1,1878,1.4,29.8,2186,19.8,2978,2.2,36.2
E07000208,Epsom and Ewell,E12000008,E92000001,67059,100,75102,100,12,9596,14.3,4198,5.6,10066,13.4,4.9,589,8.9,818,1.1,38.9,943,14.3,1216,1.6,29,1532,23.2,2034,2.7,32.8
E07000209,Guildford,E12000008,E92000001,129701,100,137183,100,6,16690,12.9,7096,5.2,17316,12.6,3.8,892,7.5,1215,0.9,36.2,1703,14.2,2111,1.5,24,2595,21.7,3326,2.4,28.2
E07000210,Mole Valley,E12000008,E92000001,80287,100,85375,100,6,11658,14.5,5213,6.1,12542,14.7,7.6,579,7,770,0.9,33,1065,12.9,1410,1.7,32.4,1644,19.9,2180,2.6,32.6
E07000211,Reigate and Banstead,E12000008,E92000001,126523,100,137835,100,9,17979,14.2,8418,6.1,19266,14,7.2,907,7.6,1423,1,56.9,1691,14.2,2281,1.7,34.9,2598,21.8,3704,2.7,42.6
E07000212,Runnymede,E12000008,E92000001,78033,100,80510,100,3,10552,13.5,4737,5.9,11155,13.9,5.7,596,8.5,811,1,36.1,1089,15.5,1383,1.7,27,1685,24,2194,2.7,30.2
E07000213,Spelthorne,E12000008,E92000001,90390,100,95598,100,6,12767,14.1,6139,6.4,14264,14.9,11.7,730,8.3,1150,1.2,57.5,1381,15.8,1993,2.1,44.3,2111,24.1,3143,3.3,48.9
E07000214,Surrey Heath,E12000008,E92000001,80314,100,86144,100,7,9413,11.7,4444,5.2,10840,12.6,15.2,512,7.3,823,1,60.7,1047,14.8,1323,1.5,26.4,1559,22.1,2146,2.5,37.7
E07000215,Tandridge,E12000008,E92000001,79267,100,82998,100,5,11409,14.4,5340,6.4,12312,14.8,7.9,541,7,852,1,57.5,1133,14.6,1442,1.7,27.3,1674,21.6,2294,2.7,37
E07000216,Waverley,E12000008,E92000001,115665,100,121572,100,5,16262,14.1,6984,5.7,16877,13.8,3.8,801,7.1,1104,0.9,37.8,1494,13.2,1870,1.5,25.2,2295,20.3,2974,2.4,29.6
E07000217,Woking,E12000008,E92000001,89840,100,99198,100,10,11687,13,5486,5.5,12885,13,10.3,656,8,973,1,48.3,1167,14.3,1567,1.6,34.3,1823,22.3,2540,2.6,39.3
E07000218,North Warwickshire,E12000005,E92000001,61860,100,62014,100,0,11350,18.3,5764,9.3,11936,19.3,5.2,740,10.5,924,1.5,24.9,1441,20.4,1798,2.9,24.8,2181,30.9,2722,4.4,24.8
E07000219,Nuneaton and Bedworth,E12000005,E92000001,119132,100,125252,100,5,22742,19.1,11877,9.5,24379,19.5,7.2,1638,12.4,1995,1.6,21.8,2906,22,3680,2.9,26.6,4544,34.4,5675,4.5,24.9
E07000220,Rugby,E12000005,E92000001,87453,100,100075,100,14,14088,16.1,7037,7,16114,16.1,14.4,867,9.6,1211,1.2,39.7,1534,16.9,2062,2.1,34.4,2401,26.5,3273,3.3,36.3
E07000221,Stratford-on-Avon,E12000005,E92000001,111484,100,120485,100,8,17191,15.4,8505,7.1,20334,16.9,18.3,963,8.4,1413,1.2,46.7,1716,14.9,2553,2.1,48.8,2679,23.3,3966,3.3,48
E07000222,Warwick,E12000005,E92000001,125931,100,137648,100,9,19424,15.4,8763,6.4,20410,14.9,5.1,1023,8.3,1374,1,34.3,1847,15,2359,1.7,27.7,2870,23.3,3733,2.7,30.1
E07000223,Adur,E12000008,E92000001,59627,100,61182,100,3,11476,19.2,5592,9.1,12302,20.1,7.2,586,9.5,835,1.4,42.5,1199,19.4,1642,2.7,36.9,1785,28.9,2477,4.1,38.8
E07000224,Arun,E12000008,E92000001,140759,100,149518,100,6,29317,20.8,13984,9.4,31489,21.1,7.4,1320,8.9,1976,1.3,49.7,3057,20.7,3807,2.5,24.5,4377,29.6,5783,3.8,32.1
E07000225,Chichester,E12000008,E92000001,106450,100,113794,100,7,18097,17,8328,7.3,19883,17.5,9.9,897,8.4,1195,1.1,33.2,1706,15.9,2368,2.1,38.8,2603,24.3,3563,3.2,36.9
E07000226,Crawley,E12000008,E92000001,99744,100,106597,100,7,14545,14.6,7001,6.6,15702,14.8,8,937,10.6,1418,1.3,51.3,1671,18.9,2106,2,26,2608,29.5,3524,3.3,35.1
E07000227,Horsham,E12000008,E92000001,122088,100,131301,100,8,16459,13.5,7857,6,19407,14.8,17.9,880,7.6,1233,0.9,40.1,1552,13.3,2276,1.7,46.6,2432,20.9,3509,2.6,44.3
E07000228,Mid Sussex,E12000008,E92000001,127378,100,139860,100,10,17184,13.5,8084,5.8,19821,14.2,15.3,829,6.8,1306,0.9,57.5,1636,13.5,2301,1.6,40.6,2465,20.3,3607,2.5,46.3
E07000229,Worthing,E12000008,E92000001,97568,100,104640,100,7,19600,20.1,9310,8.9,20276,19.4,3.4,837,8.8,1319,1.3,57.6,1852,19.4,2292,2.2,23.8,2689,28.2,3611,3.5,34.3
E07000234,Bromsgrove,E12000005,E92000001,87837,100,93637,100,7,14683,16.7,7585,8.1,16448,17.6,12,931,9.2,1304,1.4,40.1,1615,15.9,2174,2.3,34.6,2546,25.1,3478,3.7,36.6
E07000235,Malvern Hills,E12000005,E92000001,72172,100,74631,100,3,13028,18.1,6477,8.7,14589,19.6,12,731,8.9,1000,1.3,36.8,1343,16.3,1847,2.5,37.5,2074,25.2,2847,3.8,37.3
E07000236,Redditch,E12000005,E92000001,78807,100,84214,100,7,12432,15.8,6723,8,14366,17.1,15.6,855,10.9,1176,1.4,37.5,1568,19.9,2154,2.6,37.4,2423,30.8,3330,4,37.4
E07000237,Worcester,E12000005,E92000001,93353,100,98768,100,6,14808,15.9,7131,7.2,16005,16.2,8.1,912,10.5,1187,1.2,30.2,1725,19.9,2075,2.1,20.3,2637,30.4,3262,3.3,23.7
E07000238,Wychavon,E12000005,E92000001,112957,100,116944,100,4,18136,16.1,8936,7.6,20585,17.6,13.5,1018,8.7,1418,1.2,39.3,2090,17.8,2791,2.4,33.5,3108,26.5,4209,3.6,35.4
E07000239,Wyre Forest,E12000005,E92000001,96981,100,97975,100,1,17346,17.9,8993,9.2,19499,19.9,12.4,1039,9.9,1360,1.4,30.9,1955,18.7,2677,2.7,36.9,2994,28.6,4037,4.1,34.8
E07000240,St Albans,E12000006,E92000001,129005,100,140664,100,9,16875,13.1,7616,5.4,18095,12.8,7.2,1002,8.2,1378,1,37.5,1712,14,2202,1.6,28.6,2714,22.2,3580,2.6,31.9
E07000241,Welwyn Hatfield,E12000006,E92000001,97553,100,110535,100,13,14949,15.3,6924,6.3,15908,14.4,6.4,790,8.3,1182,1.1,49.6,1580,16.7,2076,1.9,31.4,2370,25,3258,3,37.5
E07000242,East Hertfordshire,E12000006,E92000001,128919,100,137687,100,7,16049,12.4,7360,5.3,18045,13.1,12.4,946,8.2,1313,1,38.8,1607,14,2125,1.5,32.2,2553,22.2,3438,2.5,34.7
E07000243,Stevenage,E12000006,E92000001,79715,100,83957,100,5,12041,15.1,5967,7.1,13207,15.7,9.7,681,9.7,1053,1.3,54.6,1489,21.2,2132,2.5,43.2,2170,30.9,3185,3.8,46.8
E08000001,Bolton,E12000002,E92000001,261037,100,276786,100,6,53084,20.3,27773,10,54913,19.8,3.4,3571,12.6,4525,1.6,26.7,6357,22.4,7937,2.9,24.9,9928,35,12462,4.5,25.5
E08000002,Bury,E12000002,E92000001,180608,100,185060,100,2,34264,19,16733,9,34821,18.8,1.6,2114,11,2746,1.5,29.9,3990,20.7,4715,2.5,18.2,6104,31.7,7461,4,22.2
E08000003,Manchester,E12000002,E92000001,392819,100,503127,100,28,84507,21.5,47353,9.4,89364,17.7,5.7,4936,14.3,7568,1.5,53.3,9178,26.6,11963,2.4,30.3,14114,40.9,19531,3.9,38.4
E08000004,Oldham,E12000002,E92000001,217273,100,224897,100,4,44064,20.3,22535,10,44326,19.7,0.6,2765,11.7,3651,1.6,32,5305,22.5,6145,2.7,15.8,8070,34.2,9796,4.3,21.4
E08000005,Rochdale,E12000002,E92000001,205357,100,211699,100,3,42330,20.6,22630,10.7,44359,21,4.8,2665,12.1,3605,1.7,35.3,4802,21.8,6105,2.9,27.1,7467,33.9,9710,4.6,30
E08000006,Salford,E12000002,E92000001,216103,100,233933,100,8,49312,22.8,25709,11,48417,20.7,-1.8,2975,13.3,3725,1.6,25.2,5709,25.4,6449,2.8,13,8684,38.7,10174,4.4,17.2
E08000007,Stockport,E12000002,E92000001,284528,100,283275,100,0,50298,17.7,24487,8.6,52259,18.4,3.9,2972,9.8,3921,1.4,31.9,5635,18.7,6970,2.5,23.7,8607,28.5,10891,3.9,26.5
E08000008,Tameside,E12000002,E92000001,213043,100,219324,100,3,44457,20.9,23307,10.6,45931,20.9,3.3,2628,11.8,3594,1.6,36.8,5223,23.5,6359,2.9,21.7,7851,35.3,9953,4.5,26.8
E08000009,Trafford,E12000002,E92000001,210145,100,226578,100,8,37241,17.7,18165,8,38603,17,3.7,2210,10.4,2981,1.3,34.9,4016,18.8,4893,2.2,21.8,6226,29.2,7874,3.5,26.5
E08000010,Wigan,E12000002,E92000001,301415,100,317849,100,5,67308,22.3,34847,11,68321,21.5,1.5,4225,12.5,5484,1.7,29.8,7862,23.2,9858,3.1,25.4,12087,35.7,15342,4.8,26.9
E08000011,Knowsley,E12000002,E92000001,150459,100,145893,100,-3,37103,24.7,20786,14.2,35751,24.5,-3.6,2911,16.8,3207,2.2,10.2,5306,30.6,5876,4,10.7,8217,47.4,9083,6.2,10.5
E08000012,Liverpool,E12000002,E92000001,439473,100,466415,100,6,108271,24.6,59484,12.8,104620,22.5,-3.4,7333,15.2,8950,1.9,22.1,13937,29,14985,3.2,7.5,21270,44.2,23935,5.1,12.5
E08000013,St. Helens,E12000002,E92000001,176843,100,175308,100,-1,41665,23.6,21660,12.4,40262,23,-3.4,2955,13.7,3590,2,21.5,5256,24.4,6473,3.7,23.2,8211,38.1,10063,5.7,22.6
E08000014,Sefton,E12000002,E92000001,282958,100,273790,100,-3,62839,22.2,32202,11.8,62061,22.7,-1.2,4077,12.5,5014,1.8,23,7570,23.1,9006,3.3,19,11647,35.6,14020,5.1,20.4
E08000015,Wirral,E12000002,E92000001,312293,100,319783,100,2,70336,22.5,37898,11.9,72204,22.6,2.7,4759,12.7,5768,1.8,21.2,8896,23.8,10693,3.3,20.2,13655,36.5,16461,5.1,20.5
E08000016,Barnsley,E12000003,E92000001,218063,100,231221,100,6,55054,25.2,29147,12.6,55268,23.9,0.4,3517,13.5,4075,1.8,15.9,6694,25.6,7619,3.3,13.8,10211,39.1,11694,5.1,14.5
E08000017,Doncaster,E12000003,E92000001,286866,100,302402,100,5,65773,22.9,33644,11.1,65535,21.6,-0.4,4133,12.9,5027,1.7,21.6,8165,25.6,9419,3.1,15.4,12298,38.5,14446,4.8,17.5
E08000018,Rotherham,E12000003,E92000001,248175,100,257280,100,4,55610,22.4,29067,11.3,56588,22,1.8,3828,12.6,4736,1.8,23.7,7387,24.4,8865,3.4,20,11215,37,13601,5.2,21.3
E08000019,Sheffield,E12000003,E92000001,513234,100,552698,100,8,105815,20.6,50470,9.1,103715,18.7,-2,6519,11.6,7732,1.4,18.6,12799,22.8,14512,2.6,13.4,19318,34.4,22244,4,15.1
E08000021,Newcastle upon Tyne,E12000001,E92000001,259536,100,280177,100,8,55962,21.6,26661,9.5,52577,18.7,-6,3390,12.9,3726,1.3,9.9,6487,24.7,6836,2.4,5.4,9877,37.6,10562,3.7,6.9
E08000022,North Tyneside,E12000001,E92000001,191659,100,200801,100,5,41787,21.8,20246,10.1,41405,20.6,-0.9,2470,11.8,2941,1.5,19.1,4909,23.4,5478,2.7,11.6,7379,35.2,8419,4.2,14.1
E08000023,South Tyneside,E12000001,E92000001,152785,100,148127,100,-3,35998,23.6,18166,12.3,34481,23.3,-4.2,2173,13.7,2596,1.8,19.5,4169,26.3,4793,3.2,15,6342,40,7389,5,16.5
E08000024,Sunderland,E12000001,E92000001,280807,100,275506,100,-2,67530,24,34206,12.4,64552,23.4,-4.4,4391,13.8,5089,1.8,15.9,8359,26.2,9621,3.5,15.1,12750,40,14710,5.3,15.4
E08000025,Birmingham,E12000005,E92000001,977087,100,1073045,100,10,192023,19.7,98181,9.1,197901,18.4,3.1,13211,13.4,17642,1.6,33.5,24055,24.5,28550,2.7,18.7,37266,37.9,46192,4.3,24
E08000026,Coventry,E12000005,E92000001,300848,100,316960,100,5,55848,18.6,27578,8.7,56247,17.7,0.7,3422,11.4,4707,1.5,37.6,6457,21.5,7938,2.5,22.9,9879,32.9,12645,4,28
E08000027,Dudley,E12000005,E92000001,305155,100,312925,100,3,58265,19.1,30578,9.8,63428,20.3,8.9,4230,12.1,5345,1.7,26.4,7248,20.7,9473,3,30.7,11478,32.8,14818,4.7,29.1
E08000028,Sandwell,E12000005,E92000001,282904,100,308063,100,9,61448,21.7,33248,10.8,64403,20.9,4.8,4424,14.7,5808,1.9,31.3,7802,25.9,9937,3.2,27.4,12226,40.6,15745,5.1,28.8
E08000029,Solihull,E12000005,E92000001,199517,100,206674,100,4,32577,16.3,16854,8.2,36927,17.9,13.4,2092,10,2896,1.4,38.4,3800,18.1,5133,2.5,35.1,5892,28.1,8029,3.9,36.3
E08000030,Walsall,E12000005,E92000001,253499,100,269323,100,6,51790,20.4,28065,10.4,55902,20.7,7.9,3749,13.4,4840,1.8,29.1,6787,24.3,8777,3.3,29.3,10536,37.7,13617,5.1,29.2
E08000031,Wolverhampton,E12000005,E92000001,236582,100,249470,100,5,50079,21.2,25416,10.2,51258,20.6,2.4,3404,13.2,4278,1.7,25.7,6208,24.1,7408,3,19.3,9612,37.3,11686,4.7,21.6
E08000032,Bradford,E12000003,E92000001,467665,100,522452,100,12,86486,18.5,43975,8.4,90527,17.3,4.7,5596,11.7,7738,1.5,38.3,10516,21.9,12305,2.4,17,16112,33.6,20043,3.9,24.4
E08000033,Calderdale,E12000003,E92000001,192405,100,203826,100,6,35322,18.4,16730,8.2,36600,17.9,3.6,1970,10,2690,1.3,36.5,3888,19.7,4509,2.2,16,5858,29.7,7199,3.5,22.9
E08000034,Kirklees,E12000003,E92000001,388567,100,422458,100,9,69910,18,35694,8.4,74963,17.7,7.2,4462,11.2,5926,1.4,32.8,8031,20.1,9621,2.3,19.8,12493,31.3,15547,3.7,24.4
E08000035,Leeds,E12000003,E92000001,715402,100,751485,100,5,128647,18,59155,7.9,125678,16.8,-2.3,7631,10.8,9473,1.3,24.1,14369,20.4,16441,2.2,14.4,22000,31.2,25914,3.5,17.8
E08000036,Wakefield,E12000003,E92000001,315172,100,325837,100,3,70697,22.4,36939,11.3,71901,22,1.7,4466,12.7,5515,1.7,23.5,8597,24.5,9940,3.1,15.6,13063,37.2,15455,4.8,18.3
E08000037,Gateshead,E12000001,E92000001,191151,100,200214,100,5,45717,23.9,22917,11.4,44352,22.1,-3,2752,13,3381,1.7,22.9,5479,25.9,6251,3.1,14.1,8231,38.9,9632,4.8,17
E09000001,City of London,E12000007,E92000001,7185,100,7375,100,3,956,13.3,328,4.4,848,11.5,-11.3,44,7.4,51,0.7,15.9,82,13.7,70,0.9,-14.6,126,21.1,121,1.6,-4
E09000002,Barking and Dagenham,E12000007,E92000001,163944,100,185911,100,13,32552,19.9,15584,8.4,30460,16.4,-6.4,2137,13.4,2941,1.6,37.6,4402,27.7,4623,2.5,5,6539,41.1,7564,4.1,15.7
E09000003,Barnet,E12000007,E92000001,314564,100,356386,100,13,45948,14.6,23475,6.6,49903,14,8.6,3128,11.1,4586,1.3,46.6,4603,16.3,6247,1.8,35.7,7731,27.4,10833,3.1,40.1
E09000004,Bexley,E12000007,E92000001,218307,100,231997,100,6,34061,15.6,17057,7.4,37053,16,8.8,2133,10,3051,1.3,43,4177,19.5,5719,2.5,36.9,6310,29.5,8770,3.8,39
E09000005,Brent,E12000007,E92000001,263464,100,311215,100,18,41099,15.6,21669,7,44882,14.5,9.2,3341,14.6,4938,1.6,47.8,4547,19.9,5859,1.9,28.9,7888,34.5,10797,3.5,36.9
E09000006,Bromley,E12000007,E92000001,295532,100,309392,100,5,44443,15,20472,6.6,46323,15,4.2,2329,8.2,3439,1.1,47.7,4865,17.1,6299,2,29.5,7194,25.3,9738,3.1,35.4
E09000007,Camden,E12000007,E92000001,198020,100,220338,100,11,31317,15.8,15531,7,31831,14.4,1.6,1851,11.9,2437,1.1,31.7,2629,16.9,3318,1.5,26.2,4480,28.8,5755,2.6,28.5
E09000008,Croydon,E12000007,E92000001,330587,100,363378,100,10,48663,14.7,24380,6.7,53113,14.6,9.1,3110,10.5,4750,1.3,52.7,5267,17.9,6870,1.9,30.4,8377,28.4,11620,3.2,38.7
E09000009,Ealing,E12000007,E92000001,300948,100,338449,100,12,45401,15.1,22885,6.8,47779,14.2,5.2,3463,13.5,5033,1.5,45.3,5000,19.4,6072,1.8,21.4,8463,32.9,11105,3.3,31.2
E09000010,Enfield,E12000007,E92000001,273559,100,312466,100,14,44197,16.2,22682,7.3,47979,15.4,8.6,2862,11.7,4131,1.3,44.3,4833,19.8,6194,2,28.2,7695,31.5,10325,3.3,34.2
E09000011,Greenwich,E12000007,E92000001,214403,100,254557,100,19,37230,17.4,19017,7.5,38434,15.1,3.2,2276,12.1,3519,1.4,54.6,4364,23.2,5410,2.1,24,6640,35.3,8929,3.5,34.5
E09000012,Hackney,E12000007,E92000001,202824,100,246270,100,21,36641,18.1,18064,7.3,35684,14.5,-2.6,2275,14.8,3094,1.3,36,3537,23,4120,1.7,16.5,5812,37.8,7214,3,24.1
E09000013,Hammersmith and Fulham,E12000007,E92000001,165242,100,182493,100,10,24228,14.7,11473,6.3,22958,12.6,-5.2,1363,11.8,1867,1,37,1976,17,2531,1.4,28.1,3339,28.8,4398,2.4,31.7
E09000014,Haringey,E12000007,E92000001,216507,100,254926,100,18,33590,15.5,17255,6.8,35663,14,6.2,2098,13.1,2904,1.1,38.4,3232,20.2,4171,1.6,29.1,5330,33.3,7075,2.7,32.7
E09000015,Harrow,E12000007,E92000001,206814,100,239056,100,16,30783,14.9,16167,6.8,34854,14.6,13.2,2456,12,3947,1.7,60.7,3496,17,4784,2,36.8,5952,29,8731,3.7,46.7
E09000016,Havering,E12000007,E92000001,224248,100,237232,100,6,38477,17.2,19466,8.2,40944,17.3,6.4,2348,10.1,3285,1.4,39.9,4692,20.2,5835,2.5,24.4,7040,30.3,9120,3.9,29.5
E09000017,Hillingdon,E12000007,E92000001,243006,100,273936,100,13,36162,14.9,17981,6.6,39179,14.3,8.3,2558,11.1,3816,1.4,49.2,4329,18.7,5526,2,27.7,6887,29.8,9342,3.4,35.6
E09000018,Hounslow,E12000007,E92000001,212341,100,253957,100,20,31681,14.9,16403,6.5,35003,13.8,10.5,2420,12.8,3623,1.4,49.7,3583,18.9,4790,1.9,33.7,6003,31.7,8413,3.3,40.1
E09000019,Islington,E12000007,E92000001,175797,100,206125,100,17,31414,17.9,16542,8,32271,15.6,2.7,1694,12.3,2505,1.2,47.9,2783,20.3,3762,1.8,35.2,4477,32.6,6267,3,40
E09000020,Kensington and Chelsea,E12000007,E92000001,158919,100,158649,100,0,21625,13.6,9332,5.9,19569,12.4,-9.5,1132,10.1,1552,1,37.1,1516,13.5,1954,1.2,28.9,2648,23.6,3506,2.2,32.4
E09000021,Kingston upon Thames,E12000007,E92000001,147273,100,160060,100,9,19067,12.9,8605,5.4,19902,12.5,4.4,1066,8.6,1611,1,51.1,1795,14.5,2346,1.5,30.7,2861,23.1,3957,2.5,38.3
E09000022,Lambeth,E12000007,E92000001,266169,100,303086,100,14,38313,14.4,18618,6.1,38671,12.7,0.9,2506,13.5,3172,1,26.6,3448,18.6,4270,1.4,23.8,5954,32.1,7442,2.4,25
E09000023,Lewisham,E12000007,E92000001,248922,100,275885,100,11,38823,15.6,19523,7.1,39735,14.4,2.3,2394,12.2,3502,1.3,46.3,4243,21.6,5088,1.8,19.9,6637,33.8,8590,3.1,29.4
E09000024,Merton,E12000007,E92000001,187908,100,199693,100,6,25875,13.8,11239,5.6,25232,12.6,-2.5,1650,10.9,2408,1.2,45.9,2634,17.4,3388,1.7,28.6,4284,28.3,5796,2.9,35.3
E09000025,Newham,E12000007,E92000001,243891,100,307984,100,26,42249,17.3,21563,7,42711,13.9,1.1,3518,17,5191,1.7,47.6,5373,26,6319,2.1,17.6,8891,43,11510,3.8,29.5
E09000026,Redbridge,E12000007,E92000001,238635,100,278970,100,17,38906,16.3,19534,7,41372,14.8,6.3,2831,11.9,4405,1.6,55.6,4705,19.7,5704,2,21.2,7536,31.6,10109,3.6,34.1
E09000027,Richmond upon Thames,E12000007,E92000001,172335,100,186990,100,9,21346,12.4,9137,4.9,21447,11.5,0.5,1120,7.7,1605,0.9,43.3,1906,13.1,2381,1.3,24.9,3026,20.8,3986,2.2,31.7
E09000028,Southwark,E12000007,E92000001,244866,100,288283,100,18,38201,15.6,18978,6.6,38980,13.5,2,2663,14.4,3446,1.2,29.4,4136,22.3,4748,1.6,14.8,6799,36.7,8194,2.8,20.5
E09000029,Sutton,E12000007,E92000001,179768,100,190146,100,6,26617,14.8,12122,6.4,27189,14.3,2.1,1482,9.2,2242,1.2,51.3,2793,17.3,3620,1.9,29.6,4275,26.5,5862,3.1,37.1
E09000030,Tower Hamlets,E12000007,E92000001,196106,100,254096,100,30,33714,17.2,17258,6.8,34303,13.5,1.7,2590,15.4,3510,1.4,35.5,4670,27.8,4915,1.9,5.2,7260,43.2,8425,3.3,16
E09000031,Waltham Forest,E12000007,E92000001,218341,100,258249,100,18,36110,16.5,17884,6.9,37628,14.5,4.2,2433,12.9,3426,1.3,40.8,4190,22.3,4960,1.9,18.4,6623,35.2,8386,3.2,26.6
E09000032,Wandsworth,E12000007,E92000001,260380,100,306995,100,18,34822,13.4,16114,5.2,34386,11.2,-1.3,1999,11.6,2876,0.9,43.9,3219,18.7,3977,1.3,23.5,5218,30.3,6853,2.2,31.3
E09000033,Westminster,E12000007,E92000001,181286,100,219396,100,21,26773,14.8,15326,7,30879,14.1,15.3,1491,11.8,2536,1.2,70.1,2170,17.2,3426,1.6,57.9,3661,29,5962,2.8,62.9
E12000001,North East,,E92000001,2515442,100,2596886,100,3,571692,22.7,285087,11,562192,21.6,-1.1,35736,1.4,41778,1.6,16.9,69104,2.7,78745,3,14,104840,4.2,120523,4.6,15
E12000002,North West,,E92000001,6729764,100,7052177,100,5,1394609,20.7,724045,10.3,1426805,20.2,-0.5,87407,1.3,113003,1.6,29.3,164312,2.4,199476,2.8,21.4,251719,3.7,312479,4.4,24.1
E12000003,Yorkshire and The Humber,,E92000001,4964833,100,5283733,100,6,967284,19.5,478358,9.1,993649,18.8,-0.7,58856,1.2,74574,1.4,26.7,113864,2.3,135109,2.6,18.7,172720,3.5,209683,4,21.4
E12000004,East Midlands,,E92000001,4172174,100,4533222,100,9,768266,18.4,393242,8.7,844297,18.6,0.2,46967,1.1,63603,1.4,35.4,88749,2.1,114833,2.5,29.4,135716,3.3,178436,3.9,31.5
E12000005,West Midlands,,E92000001,5267308,100,5601847,100,6,993458,18.9,508454,9.1,1062064,19,0.1,65065,1.2,85924,1.5,32.1,119277,2.3,150286,2.7,26,184342,3.5,236210,4.2,28.1
E12000006,East of England,,E92000001,5388140,100,5846965,100,9,873168,16.2,434168,7.4,976514,16.7,0.5,49422,0.9,71815,1.2,45.3,96301,1.8,129911,2.2,34.9,145723,2.7,201726,3.5,38.4
E12000007,London,,E92000001,7172091,100,8173941,100,14,1111284,15.5,551664,6.7,1157165,14.2,-1.3,72761,1,105399,1.3,44.9,119195,1.7,149296,1.8,25.3,191956,2.7,254695,3.1,32.7
E12000008,South East,,E92000001,8000645,100,8634750,100,8,1237399,15.5,593643,6.9,1356204,15.7,0.2,65693,0.8,96883,1.1,47.5,130153,1.6,173356,2,33.2,195846,2.4,270239,3.1,38
E12000009,South West,,E92000001,4928434,100,5288935,100,7,892034,18.1,436733,8.3,973696,18.4,0.3,48890,1,68164,1.3,39.4,97777,2,125225,2.4,28.1,146667,3,193389,3.7,31.9
E92000001,England,,,49138831,100,53012456,100,8,8809194,17.9,4405394,8.3,9352586,17.6,-0.3,530797,1.1,721143,1.4,35.9,998732,2,1256237,2.4,25.8,1529529,3.1,1977380,3.7,29.3
K04000001,England and Wales,,,52041916,100,56075912,100,8,9484856,18.2,4769712,8.5,10048441,17.9,-0.3,573647,1.1,775189,1.4,35.1,1088336,2.1,1359985,2.4,25,1661983,3.2,2135174,3.8,28.5
W06000001,Isle of Anglesey,,W92000004,66829,100,69751,100,4,14958,22.4,7970,11.4,16112,23.1,7.7,917,12.7,1180,1.7,28.7,1973,27.3,2185,3.1,10.7,2890,40,3365,4.8,16.4
W06000002,Gwynedd,,W92000004,116843,100,121874,100,4,24122,20.6,11824,9.7,25008,20.5,3.7,1325,11.8,1680,1.4,26.8,3158,28.1,3497,2.9,10.7,4483,39.9,5177,4.3,15.5
W06000003,Conwy,,W92000004,109596,100,115228,100,5,25743,23.5,13896,12.1,27915,24.3,8.4,1487,12.1,1814,1.6,22,3254,26.4,3978,3.5,22.2,4741,38.5,5792,5.1,22.2
W06000004,Denbighshire,,W92000004,93065,100,93734,100,1,21751,23.4,11350,12.1,21995,23.5,1.1,1331,12.5,1765,1.9,32.6,2762,25.9,3396,3.6,23,4093,38.4,5161,5.5,26.1
W06000005,Flintshire,,W92000004,148594,100,152506,100,3,28524,19.2,14474,9.5,29663,19.5,4,1955,11.9,2487,1.6,27.2,3799,23.1,4476,2.9,17.8,5754,35,6963,4.5,21
W06000006,Wrexham,,W92000004,128476,100,134844,100,5,27567,21.5,14139,10.5,27905,20.7,1.2,1853,12.5,2247,1.7,21.3,3391,22.8,4048,3,19.4,5244,35.3,6295,4.7,20
W06000008,Ceredigion,,W92000004,74941,100,75922,100,1,15539,20.7,7589,10,16025,21.1,3.1,877,11.2,1144,1.5,30.4,1981,25.4,2225,2.9,12.3,2858,36.6,3369,4.4,17.9
W06000009,Pembrokeshire,,W92000004,114131,100,122439,100,7,25477,22.3,13587,11.1,27557,22.5,8.2,1667,12.3,2128,1.7,27.7,3484,25.6,4061,3.3,16.6,5151,37.9,6189,5,20.2
W06000010,Carmarthenshire,,W92000004,172842,100,183777,100,6,45403,26.3,24912,13.6,46675,25.4,2.8,2729,12.5,3485,1.9,27.7,6250,28.6,7114,3.9,13.8,8979,41.1,10599,5.8,18
W06000011,Swansea,,W92000004,223301,100,239023,100,7,55233,24.7,30007,12.6,55718,23.4,0.9,3501,12.3,4495,1.9,28.4,7498,26.4,8508,3.6,13.5,10999,38.7,13003,5.5,18.2
W06000012,Neath Port Talbot,,W92000004,134468,100,139812,100,4,39488,29.4,22492,16.1,39112,28,-1,2640,14,3273,2.3,24,5662,29.9,6712,4.8,18.5,8302,43.9,9985,7.1,20.3
W06000013,Bridgend,,W92000004,128645,100,139178,100,8,32164,25,18756,13.5,34359,24.7,6.8,2201,13.6,2763,2,25.5,4417,27.3,5503,4,24.6,6618,40.9,8266,6,24.9
W06000014,Vale of Glamorgan,,W92000004,119292,100,126336,100,6,23697,19.9,12538,9.9,25629,20.3,8.2,1537,11.1,2050,1.6,33.4,3090,22.3,3586,2.8,16.1,4627,33.4,5636,4.4,21.8
W06000015,Cardiff,,W92000004,305353,100,346090,100,13,57478,18.8,31838,9.2,62331,18,8.4,3529,11.3,4729,1.4,34,7338,23.5,8605,2.5,17.3,10867,34.8,13334,3.9,22.7
W06000016,Rhondda Cynon Taff,,W92000004,231946,100,234410,100,1,63125,27.2,33912,14.5,60589,25.9,-4,3888,13.4,4580,2,17.8,8747,30.2,9389,4,7.3,12635,43.6,13969,6,10.6
W06000018,Caerphilly,,W92000004,169519,100,178806,100,5,44604,26.3,25009,14,45365,25.4,1.7,2873,13.8,3507,2,22.1,6021,28.9,6960,3.9,15.6,8894,42.7,10467,5.9,17.7
W06000019,Blaenau Gwent,,W92000004,70064,100,69814,100,0,19798,28.3,10987,15.7,19009,27.2,-4,1370,15.7,1611,2.3,17.6,2628,30,2808,4,6.8,3998,45.7,4419,6.3,10.5
W06000020,Torfaen,,W92000004,90949,100,91075,100,0,22591,24.8,11917,13.1,21947,24.1,-2.9,1495,13,1757,1.9,17.5,2949,25.6,3458,3.8,17.3,4444,38.6,5215,5.7,17.3
W06000021,Monmouthshire,,W92000004,84885,100,91323,100,8,16183,19.1,8820,9.7,18392,20.2,13.7,982,10.2,1433,1.6,45.9,2007,20.9,2549,2.8,27,2989,31.1,3982,4.4,33.2
W06000022,Newport,,W92000004,137011,100,145736,100,6,29580,21.6,15515,10.6,30316,20.8,2.5,1974,12.9,2549,1.7,29.1,3914,25.5,4507,3.1,15.2,5888,38.4,7056,4.8,19.8
W06000023,Powys,,W92000004,126354,100,132976,100,5,25820,20.4,13515,10.2,28437,21.4,10.1,1621,11.5,2084,1.6,28.6,3122,22.1,3820,2.9,22.4,4743,33.6,5904,4.5,24.5
W06000024,Merthyr Tydfil,,W92000004,55981,100,58802,100,5,16817,30,9271,15.8,15796,26.9,-6.1,1098,15.6,1285,2.2,17,2159,30.7,2363,4,9.4,3257,46.3,3648,6.2,12
W92000004,Wales,,,2903085,100,3063456,100,6,675662,23.3,364318,11.9,695855,22.7,-0.6,42850,1.5,54046,1.8,26.1,89604,3.1,103748,3.4,15.8,132454,4.6,157794,5.2,19.1
